,Latitude,Longitude,Altitude,Year,Declination,Inclination,Horizontal_intensity,Total_intensity,North_component,East_component,Vertical_component,DeclinationSV,InclinationSV,HorizontalSV,TotalSV,NorthSV,EastSV,VerticalSV,B(T)
0,-25.00000216845413,55.0,0.0,2000.0,-24.744880772059947,-57.51376101827312,19610.291058116192,36511.63554677036,17809.68543559034,-8208.44809140882,-30798.3118841951,2.577198819895429,44.43833967291708,1.2313173912078015,103.27658445091863,34.2043542642033,-31.952444875285394,-94.13984272137094,3.6511635546770366e-05
1,-25.00000216674718,55.0,5.0,2000.0,-24.708023550643823,-57.50184162695252,19574.582870873906,36433.24922229403,17782.52298945774,-8182.06396321351,-30728.119928252654,2.571924407410186,44.19036521835153,1.2293330460417773,102.70150527667663,34.023372231941444,-31.775181462321306,-93.61918587619505,3.643324922229403e-05
2,-25.0000021650429,55.0,10.0,2000.0,-24.671323142472822,-57.48994577570657,19538.947509629117,36355.07459435569,17755.377838526645,-8155.797177173959,-30658.130715637646,2.566626802580844,43.94400440776467,1.2273455509522593,102.13010747282283,33.843542831685475,-31.59895955193296,-93.10183019612215,3.635507459435569e-05
3,-25.00000216334132,55.0,15.0,2000.0,-24.6347786195492,-57.4780734647425,19503.3848254223,36277.11100919621,17728.250290899654,-8129.647057020938,-30588.343589103224,2.561306483184063,43.69924518376129,1.2253549550407197,101.56236389298614,33.66485740477634,-31.42377221646204,-92.5877514633309,3.627711100919621e-05
4,-25.000002161642385,55.0,20.0,2000.0,-24.598389060689925,-57.46622469335987,19467.89466994907,36199.35781518232,17701.14065080065,-8103.612931329093,-30518.75789332472,2.5559639204369295,43.456075589299466,1.2233613072213603,100.99824761739502,33.48730736757757,-31.249612581163824,-92.07692566286516,3.619935781518232e-05
5,-25.00000215994615,55.0,25.0,2000.0,-24.562153551469265,-57.45439945996626,19432.476895547286,36121.81436279963,17674.04921861425,-8077.694133475231,-30449.372974900136,2.5505995790853717,43.21448376679635,1.2213646562163798,100.43773195077846,33.310884210738344,-31.076473823740276,-91.56932898072328,3.6121814362799636e-05
6,-25.000002158252542,55.0,30.0,2000.0,-24.526071184161992,-57.44259776209258,19397.13135518402,36044.48000464512,17646.976290924395,-8051.890001596853,-30380.188182350008,2.5452139174910786,42.9744579572418,1.219365050551316,99.88079042028622,33.1355794984654,-30.904349173876376,-91.06493780196529,3.6044480004645124e-05
7,-25.000002156561592,55.0,35.0,2000.0,-24.490141057687136,-57.430819596408185,19361.857902443295,35967.3540954204,17619.922160553044,-8026.199878551341,-30311.20286611782,2.5398073877175382,42.73598649931971,1.217362538550741,99.3273967734324,32.96138486780156,-30.733231912782976,-90.56372870884294,3.59673540954204e-05
8,-25.000002154873314,55.0,40.0,2000.0,-24.454362277552,-57.41906495873557,19326.656391513745,35890.435991924234,17592.887116598158,-8000.6231118753285,-30242.416378569545,2.5343804356145427,42.49905782853798,1.215357168333949,98.77752497605735,32.78829202791414,-30.563115372742665,-90.06567847894608,3.5890435991924235e-05
9,-25.00000215318768,55.0,45.0,2000.0,-24.41873395579693,-57.40733384406512,19291.5266771768,35813.72505304585,17565.871444471486,-7975.1590537446555,-30173.828073993856,2.5289335009017506,42.26366047636528,1.2133489878109307,98.23114921031174,32.61629275938928,-30.39399293666127,-89.5707640833704,3.581372505304585e-05
10,-25.00000215150466,55.0,50.0,2000.0,-24.383255210940334,-57.39562624656951,19256.468614794867,35737.220639757616,17538.875425935803,-7949.807060934557,-30105.437308601548,2.52346701725099,42.029783069376585,1.211338044678406,97.68824387265956,32.4453789135354,-30.22585803762355,-89.07896268490279,3.573722063975762e-05
11,-25.00000214982427,55.0,55.0,2000.0,-24.34792516792455,-57.3839421596179,19221.482060300077,35660.92211510846,17511.899339141957,-7924.566494780469,-30037.24344052553,2.517981412367514,41.79741432840565,1.20932438641616,97.14878357190346,32.27554241169309,-30.05870415845391,-88.59025163622812,3.566092211510846e-05
12,-25.000002148146507,55.0,60.0,2000.0,-24.312742958061882,-57.37228157578984,19186.566870182953,35584.828844216485,17484.943458665308,-7899.4367211390045,-29969.24582981993,2.512477108069979,41.5665430677053,1.207308060283396,96.61274312722671,32.106775244553326,-29.892524831280593,-88.10460847815109,3.558482884421649e-05
13,-25.00000214647136,55.0,65.0,2000.0,-24.277707718981212,-57.360644486889115,19151.72290148165,35508.940194262475,17458.00805554208,-7874.417110349481,-29901.443838459916,2.5069545203694825,41.33715819411559,1.2052891133153094,96.08009756625765,31.9390694714828,-29.72731363710545,-87.62201093783966,3.550894019426248e-05
14,-25.000002144798827,55.0,70.0,2000.0,-24.242818594575013,-57.34903088395726,19116.950011771267,35433.255534482945,17431.09339730518,-7849.507037195725,-29833.836830340893,2.501414059547416,41.10924870623933,1.2032675923197742,95.55082212315202,31.772417219856777,-29.563064205377398,-87.14243692708484,3.543325553448295e-05
15,-25.000002143128896,55.0,75.0,2000.0,-24.20807473494715,-57.33744075728688,19082.248059153295,35357.774236163095,17404.199748019564,-7824.705880868333,-29766.4241712776,2.4958561302322058,40.88280369362473,1.2012435438742166,95.02489223669481,31.60681068439886,-29.399770213570022,-86.6658645405792,3.53577742361631e-05
16,-25.00000214146158,55.0,80.0,2000.0,-24.17347529636077,-57.325874096434944,19047.61690224559,35282.495672630466,17377.327368317507,-7800.013024927283,-29699.20522900362,2.490281131475136,40.65781233595613,1.1992170143225716,94.5022835484219,31.44224212652828,-29.23742538676438,-86.1922720542137,3.528249567263047e-05
17,-25.000002139796834,55.0,85.0,2000.0,-24.13901944118677,-57.31433089023548,19013.056400172398,35207.41921924788,17350.476515433384,-7775.42785726491,-29632.179373170115,2.4846894568249454,40.4342639022515,1.1971880497724463,93.98297190075938,31.278703873714207,-29.076023497234868,-85.7216379233911,3.520741921924788e-05
18,-25.000002138134676,55.0,90.0,2000.0,-24.10470633785299,-57.302811126812585,18978.56641255443,35132.54425340672,17323.647443237896,-7750.949770069231,-29565.345975344888,2.4790814944015476,40.212147750066954,1.1951566960923434,93.46693333518157,31.116188318836343,-28.915558364039963,-85.25394078135702,3.513254425340672e-05
19,-25.000002136475103,55.0,95.0,2000.0,-24.070535160793366,-57.29131479359291,18944.146799499595,35057.87015452054,17296.8404022724,-7726.578159787673,-29498.704409011443,2.4734576269686213,39.99145332470974,1.1931229989090248,92.95414409038874,30.954687919553933,-28.756023852616973,-84.7891594375491,3.505787015452054e-05
20,-25.00000213481809,55.0,100.0,2000.0,-24.036505090398,-57.27984187731787,18909.797421593612,34983.396304018206,17270.055639782557,-7702.312427091171,-29432.254049567568,2.467818232005271,39.772170158457264,1.191087003605073,92.44458060050209,30.794195197680338,-28.597413874380877,-84.32727287596263,3.498339630401821e-05
21,-25.000002133163676,55.0,105.0,2000.0,-24.002615312963595,-57.268392364056275,18875.518139890744,34909.12208533733,17243.29339975154,-7678.15197683854,-29365.994274324206,2.4621636817766994,39.55428786978267,1.189048755316469,91.93821949327553,30.63470273856386,-28.439722386326824,-83.86826025353197,3.490912208533733e-05
22,-25.000002131511792,55.0,110.0,2000.0,-23.968865020643992,-57.256966239215785,18841.30881590521,34835.046883917705,17216.5539229334,-7654.09621804129,-29299.924462503943,2.4564943434037847,39.33779616258994,1.1870082989303354,91.43503758832802,30.476203190477833,-28.282943390637104,-83.41210089853035,3.483504688391771e-05
23,-25.000002129862494,55.0,115.0,2000.0,-23.935253411401494,-57.24556348755502,18807.169311602436,34761.17008719492,17189.837446885726,-7630.144563828771,-29234.043995239772,2.45081057893194,39.1226848254529,1.1849656790829073,90.93501189539222,30.31868926401385,-28.127070934292018,-82.95877430898624,3.4761170087194927e-05
24,-25.000002128215726,55.0,120.0,2000.0,-23.90177968895859,-57.234184093195275,18773.099489390414,34687.491084593654,17163.144206001878,-7606.296431413568,-29168.352255573394,2.445112745398722,38.9089437308635,1.1829209401573169,90.43811961257886,30.162153731484413,-27.97209910868393,-82.50826015111288,3.468749108459365e-05
25,-25.000002126571502,55.0,125.0,2000.0,-23.868443062750067,-57.22282803963183,18739.09921211156,34614.009267521214,17136.47443154321,-7582.551242057379,-29102.848628453612,2.4394011949007885,38.69656283448539,1.1808741262818612,89.94433812466139,30.00658942632981,-27.818022049236124,-82.0605382577581,3.4614009267521217e-05
26,-25.00000212492982,55.0,130.0,2000.0,-23.835242747875533,-57.211495309745416,18705.16834303458,34540.72402936126,17109.82835167077,-7558.908421037136,-29037.532500734833,2.433676274659758,38.48553217441561,1.178825281328078,89.45364500137627,29.85198924253308,-27.664833935024976,-81.61558862686759,3.4540724029361264e-05
27,-25.00000212329067,55.0,135.0,2000.0,-23.802177965052188,-57.20018588581308,18671.306745846683,34467.63476546731,17083.206191476882,-7535.367397611465,-28972.403261175117,2.427938327087219,38.27584187045222,1.176774448909089,88.96601799573965,29.698346134040367,-27.512528988405823,-81.17339141996406,3.446763476546731e-05
28,-25.000002121654063,55.0,140.0,2000.0,-23.769247940568516,-57.18889974951943,18637.514284645677,34394.74087315627,17056.60817301606,-7511.927604987514,-28907.460300434464,2.4221876898488524,38.067482123368286,1.174721672378004,88.48143504238152,29.545653114186965,-27.3611014746425,-80.73392696064256,3.439474087315627e-05
29,-25.000002120019957,55.0,145.0,2000.0,-23.73645190623788,-57.17763688196735,18603.790823932544,34322.04175170223,17030.03451533595,-7488.588480288057,-28842.703011072914,2.4164246959276596,37.860443214193886,1.1726669948263346,87.99987425589603,29.393903255131075,-27.21054570154098,-80.29717573308045,3.432204175170223e-05
30,-25.00000211838838,55.0,150.0,2000.0,-23.703789099352857,-57.16639726368847,18570.136228604122,34249.53680233008,17003.485434507867,-7465.349464518998,-28778.130787548514,2.4106496736863385,37.65471550350323,1.1706104590827275,87.5213139292093,29.243089687291942,-27.060856019086224,-79.8631183805644,3.424953680233009e-05
31,-25.000002116759305,55.0,155.0,2000.0,-23.671258762639717,-57.155180874653816,18536.550363945764,34177.22542820909,16976.961143656885,-7442.21000253703,-28713.743026215234,2.4048629469287666,37.45028943070928,1.1685521077114793,87.04573253196082,29.09320559879521,-26.91202681908258,-79.43173570402884,3.417722542820909e-05
32,-25.00000211513273,55.0,160.0,2000.0,-23.63886014421366,-57.14398769428413,18503.033095624505,34105.107034446926,16950.46185299186,-7419.1695430178415,-28649.53912532112,2.3990648349606856,37.247155513364184,1.1664919830114444,86.57310870890421,28.944244234923303,-26.76405253479807,-79.00300866061376,3.410510703444693e-05
33,-25.000002113508657,55.0,165.0,2000.0,-23.606592497534173,-57.13281770145994,18469.584289682032,34033.18102808312,16923.98776983491,-7396.227538424427,-28585.51848500579,2.3932556526495437,37.045304346466644,1.1644301270148194,86.10342127832114,28.796198897572204,-26.616927640611966,-78.57691836223354,3.403318102808312e-05
34,-25.00000211188707,55.0,170.0,2000.0,-23.574455081360764,-57.12167087453158,18436.20381252817,33961.44681808306,16897.539098650876,-7373.3834449758,-28521.680507298406,2.3874357104834703,36.844726601775335,1.1623665814861033,85.63664923045194,28.64906294471388,-26.470646651665678,-78.15344607416182,3.3961446818083064e-05
35,-25.000002110267985,55.0,175.0,2000.0,-23.542447159709432,-57.110547191329104,18402.891530934205,33889.9038153317,16871.116041076202,-7350.6367226160155,-28458.024596115316,2.381605314629523,36.64541302712879,1.160301387921142,85.17277172594235,28.502829789864297,-26.325204123517487,-77.73257321363133,3.3889903815331706e-05
36,-25.000002108651373,55.0,180.0,2000.0,-23.510568001809073,-57.09944662917194,18369.64731202661,33818.55143262746,16844.71879594776,-7327.986834983445,-28394.550157257687,2.375764766991051,36.447354445771474,1.1582345875462206,84.71176809430462,28.35749290155729,-26.180594651800174,-77.31428134844674,3.381855143262746e-05
37,-25.000002107037233,55.0,185.0,2000.0,-23.47881688205876,-57.08836916487851,18336.471023280697,33747.38908467595,16818.347559331156,-7305.433249380385,-28331.25659840899,2.369914365264353,36.250541755685816,1.1561662213172412,84.25361783239363,28.213045802823554,-26.036812871882322,-76.89855219561163,3.374738908467596e-05
38,-25.00000210542558,55.0,190.0,2000.0,-23.447193079984775,-57.07731477477548,18303.36253251479,33676.41618808415,16792.002524549156,-7282.975436742944,-28268.1433291327,2.364054402994516,36.05496592893093,1.1540963299190306,83.79830060289962,28.069482070675793,-25.893853458532913,-76.48536761997076,3.367641618808415e-05
39,-25.000002103816357,55.0,195.0,2000.0,-23.415695880198957,-57.06628343470738,18270.321707883988,33605.632161354035,16765.683882209218,-7260.6128716112535,-28205.20976086963,2.358185169630448,35.86061801098728,1.1520249537645881,83.34579623285435,27.926795335599152,-25.751711125588994,-76.07470963286454,3.360563216135404e-05
40,-25.000002102209606,55.0,200.0,2000.0,-23.38432457235633,-57.055275120045444,18237.3484178746,33535.03642487673,16739.391820231354,-7238.345032099868,-28142.45530693539,2.352306950579307,35.66748912010625,1.149952132994598,82.89608471215169,27.784979281045903,-25.610380625626693,-75.66656039079744,3.353503642487673e-05
41,-25.000002100605315,55.0,205.0,2000.0,-23.35307845111408,-57.04428980569653,18204.44253129844,33464.62840092621,16713.12652387535,-7216.171399868612,-28079.879382517465,2.346420027259991,35.47557044666784,1.1478779074768668,82.44914619208443,27.644027642937566,-25.46985674963558,-75.26090219412063,3.346462840092621e-05
42,-25.000002099003467,55.0,210.0,2000.0,-23.321956816090132,-57.033327466112404,18171.603917287306,33394.40751365365,16686.888175767857,-7194.091460093503,-28017.48140467297,2.340524677156048,35.284853252542455,1.145802316805822,82.00496098389391,27.503934209170506,-25.330134326695845,-74.8577174857268,3.339440751365365e-05
43,-25.000002097404064,55.0,215.0,2000.0,-23.290958971822803,-57.02238807529805,18138.83244528764,33324.37318908115,16660.67695592913,-7172.104701438178,-27955.26079232549,2.3346211738678004,35.09532887045936,1.14372540030221,81.56350955733501,27.364692819127395,-25.191208223659036,-74.45698884975923,3.332437318908115e-05
44,-25.00000209580709,55.0,220.0,2000.0,-23.260084227730108,-57.01147160682048,18106.127985055253,33254.52485509584,16634.4930417996,-7150.210616025355,-27893.216966262356,2.3287097871637488,34.906988703380684,1.141647197012689,81.12477253925339,27.2262973631938,-25.053073344831272,-74.058699010332,3.3254524855095844e-05
45,-25.00000209421256,55.0,225.0,2000.0,-23.22933189807012,-57.00057803381719,18073.490406650308,33184.861941444186,16608.33660826614,-7128.408699408828,-27831.349349131997,2.3227907830313463,34.71982422388181,1.139567745709637,80.6887307121804,27.088741782279957,-24.91572463166056,-73.66283083026661,3.318486194144419e-05
46,-25.000002092620434,55.0,230.0,2000.0,-23.198701301901064,-56.98970732900433,18040.919580432215,33115.38387972556,16582.207827688006,-7106.698450545454,-27769.657365440526,2.3168644237269533,34.53382697353638,1.1374870848909198,80.25536501293682,26.952020067347146,-24.77915706242562,-73.26936730983648,3.3115383879725564e-05
47,-25.000002091030723,55.0,235.0,2000.0,-23.168191763042266,-56.978859464685165,18008.41537705488,33046.09010338688,16556.106869922627,-7085.079371767645,-27708.140441549258,2.3109309678252585,34.34898856230806,1.1354052527797533,79.82465653125467,26.816126258939413,-24.643365651929248,-72.8782915855285,3.3046090103386884e-05
48,-25.00000208944344,55.0,240.0,2000.0,-23.137802610035187,-56.96803441275808,17975.97766746185,32976.980047716366,16530.033902351017,-7063.5509687559625,-27646.798005671397,2.304990670267929,34.16530066794718,1.1333222873245843,79.39658650840943,26.681054446719944,-24.508345451193538,-72.48958692881357,3.2976980047716366e-05
49,-25.000002087858576,55.0,245.0,2000.0,-23.10753317610483,-56.95723214472443,17943.60632288187,32908.05314983795,16503.98908990313,-7042.112750512073,-27585.629487869097,2.2990437824116237,33.98275503539357,1.1312382261991414,78.9711363358684,26.54679876901269,-24.374091547158663,-72.1032367449327,3.290805314983795e-05
50,-25.000002086276112,55.0,250.0,2000.0,-23.077382799121562,-56.946452631696495,17911.301214824223,32839.30884870523,16477.972595082734,-7020.764229331882,-27524.63432005021,2.2930905520753684,33.80134347618413,1.1291531068023803,78.54828755394891,26.413353412348016,-24.24059906238406,-71.71922457169156,3.283930884870523e-05
51,-25.000002084696035,55.0,255.0,2000.0,-23.047350821563246,-56.9356958444053,17879.062215074395,32770.7465850958,16451.984577992163,-6999.504920778964,-27463.811935965252,2.2871312235872567,33.62105786786689,1.1270669662585755,78.12802185049324,26.280712611014195,-24.107863154752923,-71.3375340782705,3.277074658509581e-05
52,-25.000002083118332,55.0,260.0,2000.0,-23.017436590477715,-56.92496175320799,17846.889195689848,32702.365801605425,16426.025196356866,-6978.3343436582645,-27403.161771204086,2.281166037830573,33.44189015341936,1.124979841417483,77.71032105955364,26.148870646612245,-23.975879017179242,-70.95814906404424,3.270236580160543e-05
53,-25.000002081543045,55.0,265.0,2000.0,-22.98763945744561,-56.91425032809552,17814.78202899581,32634.165942642278,16400.0946055496,-6957.252019990006,-27342.683263192754,2.2751952322892266,33.26383234067314,1.1228917688544944,77.29516716009199,26.01782184761653,-23.844641877317734,-70.58105345741457,3.263416594264228e-05
54,-25.00000207997013,55.0,270.0,2000.0,-22.957958778543468,-56.90356153869999,17782.740587581226,32566.146454421196,16374.192958614458,-6936.257474983853,-27282.375851190114,2.2692190410925943,33.08687650174342,1.120802784870832,76.88254227469073,25.887560588939326,-23.714146997276448,-70.20623131465341,3.2566146454421195e-05
55,-25.000002078399575,55.0,275.0,2000.0,-22.92839391430724,-56.89289535430191,17750.764744294782,32498.30678495794,16348.320406290619,-6915.350237013327,-27222.23897628453,2.2632376950597717,32.911014772463936,1.1187129254938537,76.47242866827786,25.758081291500158,-23.584389673332268,-69.83366681875899,3.249830678495794e-05
56,-25.000002076831407,55.0,280.0,2000.0,-22.898944229696134,-56.88225174383739,17718.85437224109,32430.646384063522,16322.477097035908,-6894.529837590482,-27162.27208139049,2.2572514217431987,32.736239351826995,1.1166222264773351,76.06480874686274,25.629378421799363,-23.455365235648955,-69.46334427832183,3.243064638406352e-05
57,-25.0000020752656,55.0,285.0,2000.0,-22.869609094056667,-56.871630675905124,17687.00934477691,32363.16470333846,16296.663177050077,-6873.7958113407685,-27102.474611245125,2.2512604454717193,32.56254250142875,1.1145307233018613,75.65966505628562,25.501446491496267,-23.32706904799799,-69.09524812640328,3.236316470333847e-05
58,-25.000002073702163,55.0,290.0,2000.0,-22.840387881087082,-56.86103211877339,17655.229535507537,32295.8611961672,16270.878790297926,-6853.147695978161,-27042.846012404843,2.245264987393037,32.3899165449196,1.1124384511751937,75.25698028097817,25.374280056991672,-23.199496507481932,-68.72936291942413,3.22958611961672e-05
59,-25.000002072141058,55.0,295.0,2000.0,-22.8112799688023,-56.85045604038689,17623.514818283213,32228.735317712424,16245.124078532102,-6832.585032280574,-26983.385733241783,2.2392652655155834,32.21835386745998,1.1103454450327102,74.85673724273722,25.247873719014855,-23.072643044260555,-68.36567333606524,3.2228735317712424e-05
60,-25.000002070582298,55.0,300.0,2000.0,-22.782284739498827,-56.83990240837359,17591.865067195635,32161.786524909432,16219.3991813157,-6812.107364065368,-26924.093223940297,2.233261494749905,32.047846915180585,1.1082517395378895,74.45891889950941,25.122222122214314,-22.946504121279553,-68.00416417617835,3.216178652490944e-05
61,-25.000002069025896,55.0,305.0,2000.0,-22.75340157972022,-56.82937119005114,17560.280156574656,32095.014276460497,16193.704236044736,-6791.714238165239,-26864.967936493307,2.2272538869493483,31.878388194647773,1.106157369082838,74.0635083441874,24.99731995475302,-22.821075234001395,-67.6448203597074,3.20950142764605e-05
62,-25.00000206747184,55.0,310.0,2000.0,-22.724629880222817,-56.81886235243359,17528.75996098494,32028.418032829333,16168.039377970232,-6771.40520440423,-26806.00932469879,2.221242650950336,31.70997027233459,1.1040623677888026,73.67048880341936,24.873161947908322,-22.696351910139526,-67.28762692562165,3.202841803282933e-05
63,-25.000002065920114,55.0,315.0,2000.0,-22.695969035941687,-56.808375862237774,17497.304355222805,31961.99725623548,16142.40474022025,-6751.179815573996,-26747.216844156057,2.2152279926119967,31.542585774095613,1.1019667695067903,73.27984363642803,24.74974287567502,-22.57232970939418,-66.93256903085809,3.1961997256235485e-05
64,-25.00000206437072,55.0,320.0,2000.0,-22.667418445956965,-56.79791168588958,17465.913214313146,31895.75141064882,16116.800453821626,-6731.037627410318,-26688.58995226214,2.209210114855348,31.37622738464758,1.099870607818201,72.891556333843,24.627057554373323,-22.449004223191462,-66.5796319492757,3.189575141064882e-05
65,-25.000002062823626,55.0,325.0,2000.0,-22.63897751346063,-56.7874697895304,17434.5864135063,31829.67996178393,16091.2266477214,-6710.978198569804,-26630.128108208024,2.2031892177018526,31.21088784705416,1.0977739160354083,72.50561051654225,24.505100842260298,-22.3263710744242,-66.22880107061775,3.1829679961783937e-05
66,-25.00000206127885,55.0,330.0,2000.0,-22.6106456457231,-56.77705013902291,17403.323828275283,31763.782377094663,16065.683448808304,-6691.001090606781,-26571.83077297489,2.19716549831154,31.0465599622159,1.095676727202575,72.12198993450725,24.383867639145713,-22.204425917195657,-65.88006189948744,3.176378237709466e-05
67,-25.000002059736417,55.0,335.0,2000.0,-22.582422254060834,-56.76665269995773,17372.12533431276,31698.058125768755,16040.170981933692,-6671.105867950497,-26513.697409330583,2.1911391510206135,30.88323658836479,1.0935790740962044,71.74067846568705,24.26335288601142,-22.083164436565735,-65.53340005433053,3.169805812576876e-05
68,-25.00000205819626,55.0,340.0,2000.0,-22.554306753803477,-56.756277437658646,17340.990807528364,31632.506678721955,16014.689369932548,-6651.292097882384,-26455.727481825288,2.185110367378413,30.720910640563595,1.0914809892260162,71.36166011487425,24.14355156463527,-21.962582348298785,-65.18880126642973,3.163250667872196e-05
69,-25.000002056658417,55.0,345.0,2000.0,-22.52629856426192,-56.745924317189086,17309.920124045977,31567.127508593032,15989.238733644146,-6631.559350513695,-26397.92045678824,2.1790793361841376,30.559575090209137,1.089382504835706,70.98491901259212,24.02445869721758,-21.842675398614876,-64.8462513789092,3.156712750859303e-05
70,-25.00000205512285,55.0,350.0,2000.0,-22.498397108696253,-56.735593303357575,17278.913160201097,31501.920089738018,15963.81919193254,-6611.907198763225,-26340.275802323504,2.1730462435228044,30.399222964541675,1.0872836529036705,70.61043941399159,23.90606934601335,-21.723439363942582,-64.50573634574717,3.150192008973802e-05
71,-25.000002053589597,55.0,355.0,2000.0,-22.47060181428426,-56.725284360723705,17247.969792538242,31436.883898224936,15938.4308617068,-6592.3352183353045,-26282.792988306293,2.167011272800896,30.23984734615701,1.08518446514391,70.23820569775943,23.788378612966227,-21.604870050674165,-64.16724223079996,3.143688389822494e-05
72,-25.000002052058633,55.0,360.0,2000.0,-22.44291211208984,-56.71499745360331,17217.08989780859,31372.018411828256,15913.073857941232,-6572.842987697941,-26225.47148637882,2.1609746047814813,30.081441372524544,1.0830849730068914,69.86820236503704,23.671381639347658,-21.486963294923413,-63.830755206834716,3.137201841182826e-05
73,-25.000002050529957,55.0,365.0,2000.0,-22.4153274370322,-56.7047325460745,17186.273352967484,31307.323110023757,15887.748293695171,-6553.430088061248,-26168.31076994668,2.1549364176188512,29.923998235509302,1.0809852076803523,69.50041403834918,23.555073605399198,-21.369714962285485,-63.496261554571674,3.130732311002376e-05
74,-25.000002049003527,55.0,370.0,2000.0,-22.387847227854834,-56.694489601982696,17155.52003517206,31242.79747398272,15862.454280132653,-6534.096103355928,-26111.31031417441,2.1488968868926914,29.767511180897838,1.0788852000902853,69.13482546054277,23.43944972997807,-21.25312094759862,-63.16374766173537,3.124279747398272e-05
75,-25.000002047479384,55.0,375.0,2000.0,-22.360470927095278,-56.684268584946345,17124.82982177903,31178.440986567035,15837.191926541971,-6514.84062021215,-26054.469595982006,2.1428561856418593,29.611973507929353,1.0767849809018282,68.7714214937371,23.324505270206767,-21.13717717470894,-62.83320002211653,3.117844098656704e-05
76,-25.0000020459575,55.0,380.0,2000.0,-22.33319798105465,-56.67406945836187,17094.202590342506,31114.253132323578,15811.961340354988,-6495.663227938445,-25997.788094040523,2.1368144843975654,29.45737856883101,1.074684580520212,68.41018711828282,23.21023552112663,-21.021879596236435,-62.50460523464137,3.111425313232358e-05
77,-25.000002044437892,55.0,385.0,2000.0,-22.306027839767655,-56.66389218540905,17063.63821861179,31050.233397478925,15786.762627166248,-6476.563518500848,-25941.265288768136,2.130771951216292,29.303719768356768,1.0725840290917732,68.05110743173117,23.096635815353622,-20.907224193343747,-62.177950002451006,3.1050233397478925e-05
78,-25.000002042920528,55.0,390.0,2000.0,-22.278959956973033,-56.653736729056035,17033.13658452936,30986.381269934056,15761.5958907519,-6457.541086502294,-25884.900662326054,2.124728751712134,29.150990563331753,1.0704833565048857,67.69416764781369,22.983701522739157,-20.793206975506987,-61.85322113198944,3.098638126993406e-05
79,-25.000002041405423,55.0,395.0,2000.0,-22.25199379008402,-56.643603052064556,17002.69756622878,30922.69623925913,15736.46123308845,-6438.595529162115,-25828.693698614505,2.1186850490887603,28.99918446219968,1.0683825923910222,67.33935309543112,22.871428050033103,-20.67982398028838,-61.530405532100865,3.092269623925913e-05
80,-25.00000203989255,55.0,400.0,2000.0,-22.225128800159208,-56.63349111699473,16972.321042032818,30859.1777966881,15711.358754371326,-6419.726446295785,-25772.643883268513,2.11264100417095,28.848295024575194,1.0662817661257527,66.98664921765209,22.759810840550916,-20.56707127311134,-61.20949021313493,3.08591777966881e-05
81,-25.000002038381922,55.0,405.0,2000.0,-22.19836445187352,-56.62340088620999,16942.00689045152,30795.825435113515,15686.288553033277,-6400.933440294781,-25716.75070365379,2.1065967754356985,28.698315860799866,1.0641809068298238,66.63604157072119,22.64884537384373,-20.454944947037312,-60.8904622860613,3.0795825435113516e-05
82,-25.000002036873525,55.0,410.0,2000.0,-22.17170021348968,-56.61333232188187,16911.754990180372,30732.63864908122,15661.250725762558,-6382.216116106726,-25661.01364886255,2.1005525190429144,28.549240631502926,1.0620800433702167,66.28751582307736,22.53852716537221,-20.34344112254503,-60.573308961593156,3.073263864908122e-05
83,-25.000002035367373,55.0,415.0,2000.0,-22.145135556829775,-56.60328538599491,16881.565220098484,30669.616934785183,15636.245367520925,-6363.574081215621,-25605.432209709394,2.0945083888656812,28.401063047165252,1.0599792043611944,65.94105775438,22.42885176618311,-20.232555947311273,-60.25801754931762,3.066961693478519e-05
84,-25.00000203386344,55.0,420.0,2000.0,-22.11866995724696,-56.593260040351,16851.437459266996,30606.75979006228,15611.272571561603,-6345.006945622301,-25550.00587872704,2.088464536520166,28.25377686768806,1.0578784181654732,65.59665325454625,22.319814762589637,-20.12228559599416,-59.9445754568367,3.060675979006228e-05
85,-25.00000203236175,55.0,425.0,2000.0,-22.09230289359773,-56.58325624657435,16821.37158692722,30544.066714387034,15586.332429446798,-6326.514321825048,-25494.734150162138,2.082421111395096,28.107375901965224,1.0557777128952812,65.25428832279619,22.211411775854597,-20.0126262700181,-59.63297018891504,3.054406671438704e-05
86,-25.000002030862234,55.0,430.0,2000.0,-22.06603384821406,-56.573273966115664,16791.36748249917,30481.537208866426,15561.425031065326,-6308.095824800383,-25439.616519970932,2.076378260680817,27.961854007459714,1.0536771164135024,64.91394906670708,22.103638461877114,-19.903574197360644,-59.32318934663595,3.048153720886643e-05
87,-25.00000202936495,55.0,435.0,2000.0,-22.03986230687622,-56.56331316025688,16761.425025579887,30419.17077623476,15536.550464649838,-6289.751071984063,-25384.65248581511,2.0703361293980267,27.81720508978372,1.0515766563348377,64.57562170127744,21.996490510881998,-19.795125632341573,-59.01522062656659,3.0419170776234762e-05
88,-25.00000202786987,55.0,440.0,2000.0,-22.01378775878547,-56.553373790115415,16731.544095942034,30356.96692084859,15511.708816794084,-6271.479683252227,-25329.84154705755,2.0642948604260996,27.67342310228303,1.0494763600269617,64.23929254799975,21.88996364711271,-19.687276855413778,-58.70905181993066,3.0356966920848594e-05
89,-25.000002026377004,55.0,445.0,2000.0,-21.987809696537,-56.54345581664849,16701.72457353234,30294.925148681432,15486.90017246985,-6253.281280902642,-25275.183204757916,2.058254594531011,27.530502045624925,1.047376254611658,63.90494803394095,21.784053628527193,-19.580024172955827,-58.4046708117881,3.0294925148681433e-05
90,-25.000002024886328,55.0,450.0,2000.0,-21.961927616093472,-56.53355920065736,16671.966338470233,30233.044967318685,15462.124615043795,-6235.155489636265,-25220.67696166836,2.0522154703929054,27.38843596738998,1.0452763669660552,63.5725746908331,21.678756246496643,-19.473363917066663,-58.1020655802244,3.0233044967318687e-05
91,-25.000002023397812,55.0,455.0,2000.0,-21.936141016758455,-56.52368390279161,16642.2692710464,30171.325885952534,15437.382226294078,-6217.101936538838,-25166.32232222925,2.0461776246333248,27.247218961667794,1.0431767237237817,63.24215915417201,21.57406732550753,-19.367292445362136,-57.80122419554665,3.0171325885952534e-05
92,-25.000002021911527,55.0,460.0,2000.0,-21.910449401150142,-56.513829883553264,16612.633251721527,30109.767415376904,15412.6730864269,-6199.120251062704,-25112.11879256486,2.0401411918420607,27.106845168655845,1.0410773512761982,62.91368816232382,21.469982722866035,-19.261806140773217,-57.50213481948718,3.0109767415376904e-05
93,-25.000002020427416,55.0,465.0,2000.0,-21.884852275175433,-56.50399710330063,16583.05816112504,30048.36906798228,15387.997274092872,-6181.210065008807,-25058.06588047885,2.0341063046036076,26.96730877426314,1.03897827577361,62.58714855564132,21.366498328406465,-19.156901411346233,-57.20478570441562,3.0048369067982282e-05
94,-25.000002018945466,55.0,470.0,2000.0,-21.859349148004036,-56.494185522252586,16553.54388005378,29987.130357750702,15363.354866403128,-6163.371012508765,-25004.16309545008,2.0280730935233278,26.828604009716514,1.0368795231264567,62.262527275587416,21.26361006420157,-19.05257469004467,-56.90916519255754,2.9987130357750703e-05
95,-25.00000201746569,55.0,475.0,2000.0,-21.833939532043203,-56.48439510049236,16524.090289470874,29926.050800250698,15338.745938945367,-6145.602730007253,-24950.409948628094,2.02204168725324,26.69072515117088,1.0347811190066154,61.93981136386761,21.161313884276023,-18.948822434553016,-56.61526171522163,2.99260508002507e-05
96,-25.000002015988088,55.0,480.0,2000.0,-21.80862294291209,-56.47462579797138,16494.697270504537,29865.129912632176,15314.170565799724,-6127.904856244357,-24896.805952828712,2.0160122125174684,26.553666519323244,1.0326830888486023,61.61898796157025,21.05960577432305,-18.845641127082118,-56.32306379203325,2.986512991263218e-05
97,-25.000002014512646,55.0,485.0,2000.0,-21.78339889941688,-56.46487757451325,16465.364704447016,29804.367213621572,15289.628819554495,-6110.2770322382485,-24843.350622529782,2.00998479413738,26.417422479030147,1.030585457850834,61.30004430831535,20.958481751423506,-18.74302727417661,-56.03256003017621,2.9804367213621572e-05
98,-25.000002013039378,55.0,490.0,2000.0,-21.75826692352586,-56.45515038981735,16436.092472753484,29743.762223516704,15265.12077132167,-6092.718901267928,-24790.04347386659,2.003959555056328,26.28198743892868,1.0284882509768956,60.98296774141099,20.85793786376803,-18.64097740652368,-55.74373912364109,2.9743762223516705e-05
99,-25.000002011568228,55.0,495.0,2000.0,-21.73322654034462,-56.4454442034625,16406.88045704101,29683.31446418172,15240.646490752371,-6075.230108856102,-24736.884024627383,1.9979366163641057,26.14735585106092,1.0263914929567846,60.66774569501735,20.75797019038179,-18.53948807876365,-55.45658985248052,2.968331446418172e-05
100,-25.00000201009925,55.0,500.0,2000.0,-21.708277278091924,-56.43575897491084,16377.728539087562,29623.02345904232,15216.206046052055,-6057.810302752316,-24683.871794249142,1.9919160973211576,26.01352221050174,1.0242952082882504,60.35436569932019,20.65857484085167,-18.438555869302764,-55.17110108207334,2.9623023459042323e-05
101,-25.000002008632407,55.0,505.0,2000.0,-21.683418668075145,-56.426094663511094,16348.636600831058,29562.888733080552,15191.799503995679,-6040.459132916099,-24631.006303812846,1.9858981153823072,25.88048105499027,1.0221994212380205,60.04281537970971,20.559747955056714,-18.338177380126726,-54.887261762392974,2.9562888733080553e-05
102,-25.000002007167723,55.0,510.0,2000.0,-21.658650244666553,-56.41645122850247,16319.60452436841,29502.90981283006,15167.426929942589,-6023.176251500382,-24578.287076039258,1.979882786220262,25.74822696456475,1.0201041558430886,59.733082455969324,20.461485702901033,-18.238349236616592,-54.60506092728516,2.950290981283006e-05
103,-25.000002005705156,55.0,515.0,2000.0,-21.633971545279298,-56.406828629017696,16290.632191954732,29443.08622637101,15143.088387851443,-6005.961312834987,-24525.713635284224,1.9738702237488683,25.616754561200448,1.018009435912061,59.42515474147064,20.363784284048982,-18.13906808736624,-54.324487693751244,2.9443086226371013e-05
104,-25.00000200424472,55.0,520.0,2000.0,-21.609382110343898,-56.39722682408683,16261.719486002376,29383.417503325236,15118.78394029478,-5988.813973410263,-24473.285507534343,1.9678605401459373,25.486058508451148,1.0159152850264075,59.11902014237657,20.26663992766339,-18.04033060400108,-54.045531261238736,2.9383417503325236e-05
105,-25.00000200278643,55.0,525.0,2000.0,-21.58488148328494,-56.38764577264038,16232.866289080152,29323.903174851206,15094.513648473552,-5971.733891860927,-24421.002220402293,1.961853845875848,25.35613351109393,1.013821726541795,58.81466665685174,20.170048892146166,-17.942133480998773,-53.76818091093837,2.932390317485121e-05
106,-25.000002001330245,55.0,530.0,2000.0,-21.560469210497725,-56.37808543351284,16204.072483912598,29264.542773639394,15070.277572231607,-5954.7207289499665,-24368.86330312262,1.9558502497118426,25.226974314777316,1.0117287835893662,58.51208237428077,20.07400746488167,-17.844473435511414,-53.492426005088305,2.9264542773639395e-05
107,-25.00000199987616,55.0,535.0,2000.0,-21.53614484132539,-56.36854576544558,16175.337953379167,29205.335833907022,15046.075770069845,-5937.77414755274,-24316.868286546793,1.949849858758018,25.098575705672104,1.0096364790771273,58.21125547449284,19.97851196198201,-17.74734720718917,-53.21825598628423,2.9205335833907025e-05
108,-25.000001998424196,55.0,540.0,2000.0,-21.511907928036234,-56.35902672709054,16146.662580513468,29146.28189139346,15021.908299160294,-5920.893812641206,-24265.016703139037,1.943852778470999,24.97093251012605,1.0075448356911691,57.91217422699415,19.883558728035517,-17.65075155800547,-52.94566037679607,2.9146281891393462e-05
109,-25.000001996974348,55.0,545.0,2000.0,-21.48775802580094,-56.34952827701299,16118.0462485027,29087.380483355304,14997.775215360216,-5904.0793912682775,-24213.308086971658,1.937859112681402,24.84403959432165,1.0054538758970568,57.61482699020815,19.789144135857505,-17.554683272084148,-52.67462877789208,2.9087380483355307e-05
110,-25.000001995526603,55.0,550.0,2000.0,-21.463694692670284,-56.340050373694865,16089.48884068689,29028.63114856149,14973.676573225834,-5887.330552552308,-24161.741973720487,1.9318689636149597,24.717891863936696,1.003363621941141,57.319202210721805,19.695264586243226,-17.459139155527634,-52.405150869168324,2.902863114856149e-05
111,-25.00000199408096,55.0,555.0,2000.0,-21.43971748955297,-56.33059297553778,16060.990240558263,28970.033427288494,14949.612426026033,-5870.646967661722,-24110.317900660393,1.9258824319133603,24.59248426380801,1.0012740958518616,57.02528842253896,19.601916507723313,-17.364116036246685,-52.13721640788432,2.8970033427288497e-05
112,-25.000001992637394,55.0,560.0,2000.0,-21.415825980193656,-56.32115604086595,16032.550331760684,28911.586861315453,14925.582825755982,-5854.028309799817,-24059.035406660605,1.9198996166548778,24.467811777598804,0.999185319441115,56.73307424634172,19.50909635632191,-17.269610763792123,-51.87081522830614,2.8911586861315455e-05
113,-25.00000199119593,55.0,565.0,2000.0,-21.3920197311511,-56.31173952792934,16004.168998089037,28853.29099391945,14901.587823150512,-5837.474254189619,-24007.894032180313,1.9139206153746333,24.343869427468192,0.9970973143055568,56.44254838875731,19.416800615316685,-17.17562020918725,-51.605937241054335,2.885329099391945e-05
114,-25.000001989756512,55.0,570.0,2000.0,-21.36829831177652,-56.30234339490625,15975.84612348875,28795.145369870625,14877.627467697508,-5820.984478058945,-23956.893319263894,1.9079455240846805,24.220652273744694,0.995010101827963,56.15369964163291,19.325025795001718,-17.082141264762505,-51.34257243245896,2.8795145369870626e-05
115,-25.000001988319212,55.0,575.0,2000.0,-21.34466129419227,-56.29296759990673,15947.581592055163,28737.149535427547,14853.701807650972,-5804.558660625537,-23906.03281153665,1.9019744372938423,24.098155414601866,0.992923703178556,55.8665168813169,19.23376843245202,-16.989170843991268,-51.08071086392058,2.8737149535427548e-05
116,-25.000001986883973,55.0,580.0,2000.0,-21.321108253270584,-56.283612100974935,15919.375288033067,28679.303038332222,14829.810890044108,-5788.196483082369,-23855.312054199876,1.896007448027131,23.976373985737634,0.9908381393163039,55.58098906794583,19.143025091291207,-16.89670588132674,-50.82034267127599,2.8679303038332225e-05
117,-25.000001985450837,55.0,585.0,2000.0,-21.297638766612437,-56.27427685609207,15891.227095816297,28621.605427805556,14805.954760702305,-5771.897628583066,-23804.73059402652,1.8900446478451223,23.855303160055865,0.9887534309903335,55.29710524473957,19.052792361460448,-16.804743332040914,-50.56145806417188,2.8621605427805558e-05
118,-25.000001984019733,55.0,590.0,2000.0,-21.274252414526728,-56.26496182317915,15863.136899947216,28564.056254542473,14782.133464255881,-5755.661782227429,-23754.287979356483,1.8840861268629125,23.734938147351784,0.9866695987411915,55.01485453730216,18.96306685899082,-16.71328017206449,-50.30404732544296,2.8564056254542474e-05
119,-25.000001982590703,55.0,595.0,2000.0,-21.25094878000967,-56.25566696009969,15835.104585116282,28506.655070707224,14758.347044152724,-5739.488631047127,-23703.983760092044,1.8781319737689433,23.61527419399892,0.9845866629022669,54.734226152928905,18.87384522577637,-16.622313397828282,-50.0481008104964,2.8506655070707227e-05
120,-25.00000198116372,55.0,600.0,2000.0,-21.227727448724064,-56.246392224662365,15807.130036161696,28449.401429928752,14734.595542670926,-5723.377863991449,-23653.817487693334,1.8721822758435198,23.49630658264034,0.9825046436010433,54.45520937992026,18.785124129350894,-16.53184002610622,-49.793608946701674,2.8449401429928752e-05
121,-25.000001979738784,55.0,605.0,2000.0,-21.204588008979282,-56.2371375746235,15779.213138068972,28392.294887295797,14710.879000931116,-5707.329171913282,-23603.78871517356,1.8662371189770575,23.37803063188188,0.9804235607605098,54.17779358690245,18.696900262666002,-16.441857093859326,-49.540562232786876,2.8392294887295797e-05
122,-25.00000197831592,55.0,610.0,2000.0,-21.181530051710837,-56.22790296768998,15751.353775970589,28335.334999352464,14687.197458908819,-5691.342247555078,-23553.89699709468,1.8602965876881956,23.260441695988103,0.978343434100455,53.90196822215331,18.60917034387127,-16.352361658081406,-49.28895123823965,2.8335334999352466e-05
123,-25.000001976895078,55.0,615.0,2000.0,-21.15855317046054,-56.21868836152132,15723.5518351457,28278.521324093334,14663.550955446657,-5675.4167855350615,-23504.14188956252,1.8543607651415706,23.143535164581795,0.9762642831388182,53.627722812935374,18.52193111609724,-16.263350795645994,-49.03876660271445,2.8278521324093336e-05
124,-25.000001975476295,55.0,620.0,2000.0,-21.135656961356577,-56.209493713732506,15695.807201019717,28221.853420958854,14639.939528266359,-5659.552482333443,-23454.5229502223,1.8484297331654027,23.02730646234502,0.9741861271930555,53.355046964834386,18.435179347239455,-16.174821603154268,-48.78999903544501,2.8221853420958857e-05
125,-25.00000197405953,55.0,625.0,2000.0,-21.11284102309407,-56.20031898189625,15668.119759164138,28165.330850830767,14616.363213980783,-5643.749036278901,-23405.039738254018,1.842503572268869,22.911751048724412,0.9721089853814255,53.08393036110478,18.34891182974582,-16.08677119678508,-48.5426393146625,2.816533085083077e-05
126,-25.000001972644796,55.0,630.0,2000.0,-21.09010495691536,-56.191164123545555,15640.489395296168,28108.95317602741,14592.822048105712,-5628.0061475349985,-23355.691814367856,1.8365823616592127,22.79686441763755,0.9700328766243689,52.814362762020025,18.263125380404727,-15.999196712145315,-48.296678287018764,2.8108953176027412e-05
127,-25.000001971232095,55.0,635.0,2000.0,-21.06744836659095,-56.18202909617596,15612.91599527849,28052.71996029906,14569.31606507155,-5612.323518086869,-23306.47874079948,1.830666179258664,22.682642097183237,0.9679578196458212,52.54633400422991,18.17781684013617,-15.912095304122323,-48.0521068670151,2.805271996029906e-05
128,-25.000001969821426,55.0,640.0,2000.0,-21.044870858400238,-56.17291385724791,15585.399445119026,27996.630768823317,14545.845298234968,-5596.700851727929,-23257.400081305477,1.8247551017211212,22.569079649353814,0.9658838329745576,52.27983400012338,18.092983073784428,-15.825464146737211,-47.80891603643644,2.799663076882332e-05
129,-25.00000196841276,55.0,645.0,2000.0,-21.022372041112458,-56.16381836418914,15557.939630970748,27940.685168200656,14522.409779890422,-5581.137854046719,-23208.45540115882,1.8188492044486027,22.456172669750448,0.9638109349454825,52.01485273719718,18.008620969913064,-15.7393004329995,-47.56709684379049,2.794068516820066e-05
130,-25.000001967006114,55.0,650.0,2000.0,-20.999951525968036,-56.15474257439674,15530.536439131412,27884.8827264496,14499.009541281479,-5565.634232413882,-23159.644267144056,1.8129485616075376,22.343916787300337,0.9617391437010406,51.751380277430265,17.924727440601135,-15.653601374763033,-47.326640403752364,2.78848827264496e-05
131,-25.000001965601484,55.0,655.0,2000.0,-20.977608926659958,-56.14568644523953,15503.189756043439,27829.223013002313,14475.64461261214,-5550.189695969264,-23110.966247552853,1.8070532461447824,22.232307663977608,0.9596684771924773,51.48940675666456,17.84129942124251,-15.568364202583274,-47.08753789661446,2.7829223013002316e-05
132,-25.000001964198844,55.0,660.0,2000.0,-20.955343859315114,-56.13664993406027,15475.899468293663,27773.705598700006,14452.315023057956,-5534.8039556090325,-23062.42091217936,1.8011633298034697,22.12134099452556,0.9575989531811585,51.22892238399008,17.758333870346007,-15.483586165575469,-46.849780567740495,2.777370559870001e-05
133,-25.000001962798223,55.0,665.0,2000.0,-20.933155942476173,-56.127632998177816,15448.665462613222,27718.33005578837,14429.02080077711,-5519.476723973034,-23014.00783231557,1.7952788831386481,22.011012506182272,0.9555305892399388,50.96991744113731,17.67582776933809,-15.399264531274452,-46.613359727026136,2.7718330055788372e-05
134,-25.00000196139959,55.0,670.0,2000.0,-20.91104479708319,-56.11863559488891,15421.487625877424,27663.095957912905,14405.761972921386,-5504.207715432136,-22965.72658074651,1.789399975532677,21.901317958408384,0.9534634027544506,50.712382281873616,17.593778122367368,-15.315396585495227,-46.37826674836292,2.7663095957912907e-05
135,-25.00000196000292,55.0,675.0,2000.0,-20.889010046455756,-56.109657681470786,15394.365845105634,27608.002880114735,14382.538565647013,-5488.996646075791,-22917.576731746063,1.7835266752105108,21.792253142617383,0.9513974109244141,50.456307331406656,17.512181956110737,-15.231979632195259,-46.14449306910875,2.7608002880114737e-05
136,-25.000001958608266,55.0,680.0,2000.0,-20.867051316275212,-56.10069921518298,15367.300007461063,27553.050398825737,14359.350604125304,-5473.843233699617,-22869.55786107196,1.777659049254696,21.683813881908062,0.9493326307649745,50.201683085791686,17.431036319581263,-15.149010993337345,-45.912030189561776,2.755305039882574e-05
137,-25.000001957215602,55.0,685.0,2000.0,-20.845168234566625,-56.09176015326907,15340.290000250854,27498.238091864223,14336.19811255349,-5458.747197793108,-22821.66954596127,1.7717971636202106,21.57599603080018,0.9472690791080017,49.948500111345716,17.350338283938655,-15.066488008754163,-45.68086967244023,2.7498238091864224e-05
138,-25.0000019558249,55.0,690.0,2000.0,-20.823360431681596,-56.08284045295917,15313.33571092579,27443.565538430383,14313.081114165021,-5443.708259527478,-22773.911365125856,1.765941083149116,21.468795474971706,0.945206772603374,49.69674904406612,17.270084942300624,-14.984408036013658,-45.451003142366424,2.7443565538430384e-05
139,-25.000001954436172,55.0,695.0,2000.0,-20.801627540280638,-56.07394007147149,15286.437027080397,27389.032319101887,14289.999631240182,-5428.726141743575,-22726.28289874772,1.7600908715850285,21.362208130998738,0.943145727720311,49.44642058905465,17.190273409556433,-14.902768450285766,-45.22242228535564,2.7389032319101888e-05
140,-25.00000195304942,55.0,700.0,2000.0,-20.779969195315935,-56.065058966014405,15259.593836452788,27334.63801582929,14266.953685116318,-5413.8005689398915,-22678.783728474325,1.7542465915873726,21.25622994609786,0.9410859607486802,49.19750551994714,17.110900822182252,-14.821566644210108,-44.99511884830996,2.733463801582929e-05
141,-25.000001951664643,55.0,705.0,2000.0,-20.75838503401437,-56.05619709378836,15232.806026924636,27280.382211931697,14243.943296198076,-5398.931267260718,-22631.413437414107,1.748408304745476,21.15085689787087,0.9390274878002467,48.949994678347934,17.031964338058277,-14.740800027764973,-44.76908463851626,2.72803822119317e-05
142,-25.000001950281813,55.0,710.0,2000.0,-20.73687469586034,-56.04735441198775,15206.073486521196,27226.264492092352,14220.968483967605,-5384.117964484343,-22584.171610131863,1.7425760715924743,21.046084994051657,0.9369703248099946,48.70387897326976,16.953461136287483,-14.660466028137318,-44.544311523149275,2.7226264492092355e-05
143,-25.00000194890096,55.0,715.0,2000.0,-20.715437822579176,-56.03853087780258,15179.396103411189,27172.284442354012,14198.029266994468,-5369.360390011392,-22537.05783264397,1.7367499516190419,20.941910272255242,0.9349144875374326,48.45914938057832,16.8753884170159,-14.580562089593816,-44.32079142877881,2.7172284442354012e-05
144,-25.000001947522037,55.0,720.0,2000.0,-20.694074058120197,-56.029726448420384,15152.773765906899,27118.441650114717,14175.125662945715,-5354.658274853228,-22490.07169241397,1.730930003286935,20.838328799729652,0.9328599915678465,48.215796942442545,16.797743401255193,-14.501085673353167,-44.098516340881865,2.7118441650114717e-05
145,-25.000001946145076,55.0,725.0,2000.0,-20.672783048640472,-56.02094108102797,15126.206362464089,27064.735704123275,14152.257688595597,-5340.011351620509,-22443.212778347846,1.7251162840423724,20.735336673109412,0.9308068523135871,47.97381276678919,16.72052333070626,-14.422034257459352,-43.877478303358764,2.7064735704123277e-05
146,-25.000001944770062,55.0,730.0,2000.0,-20.65156444248828,-56.01217473281333,15099.69378168205,27011.166194475038,14129.425359835372,-5325.419354511778,-22396.480680789642,1.7193088503292397,20.632930018171432,0.9287550850153433,47.7331880267627,16.643725467584687,-14.343405336655962,-43.65766941805409,2.7011166194475038e-05
147,-25.000001943396995,55.0,735.0,2000.0,-20.630417890186674,-56.00342736096687,15073.23591230367,26957.73271260728,14106.628691683005,-5310.882019302148,-22349.87499151652,1.7135077576021085,20.53110498959346,0.9267047047434274,47.49391396018992,16.567347094448245,-14.26519642226161,-43.43908184428167,2.6957732712607282e-05
148,-25.00000194202586,55.0,740.0,2000.0,-20.60934304441776,-55.99469892268368,15046.832643215348,26904.434851295006,14083.867698292584,-5296.399083332158,-22303.3953037345,1.707713060339128,20.42985777071428,0.9246557263990124,47.25598186904987,16.49138551402544,-14.187405042046516,-43.22170779835429,2.6904434851295006e-05
149,-25.000001940656645,55.0,745.0,2000.0,-20.588339560006375,-55.985989375164664,15020.483863447173,26851.27220464647,14061.142392963935,-5281.97028549663,-22257.04121207361,1.7019248120546997,20.329184573296146,0.9226081647154372,47.019383118947715,16.415838049045938,-14.110028740109856,-43.00553955311716,2.6851272204646472e-05
150,-25.00000193928939,55.0,750.0,2000.0,-20.567407093904365,-55.97729867561867,14994.189462172864,26798.24436809903,14038.452788151886,-5267.595366233659,-22210.812312583606,1.6961430653120562,20.229081637289543,0.9205620342594111,46.784109138594246,16.340702042072582,-14.033065076758483,-42.7905694374862,2.6798244368099032e-05
